Gene,Syntax,Alternate IDs,Canonical,Recurrence
PIK3CA,c.3140A>G,PIK3CA c.3140A>G…,Yes,3817
PIK3CA_ENST00000643187,c.*220A>G,PIK3CA_ENST00000643187 c.*220A>G…,No,3817
PIK3CA,c.1633G>A,PIK3CA c.1633G>A…,Yes,3210
PIK3CA_ENST00000643187,c.1633G>A,PIK3CA_ENST00000643187 c.1633G>A…,No,3210
PIK3CA,c.1624G>A,PIK3CA c.1624G>A…,Yes,1958
PIK3CA_ENST00000643187,c.1624G>A,PIK3CA_ENST00000643187 c.1624G>A…,No,1958
PIK3CA,c.?,PIK3CA c.?…,Yes,1603
PIK3CA,c.?,PIK3CA c.?…,Yes,1050
PIK3CA,c.?,PIK3CA c.?…,Yes,622
PIK3CA,c.3140A>T,PIK3CA c.3140A>T…,Yes,589
PIK3CA_ENST00000643187,c.*220A>T,PIK3CA_ENST00000643187 c.*220A>T…,No,589
PIK3CA,c.263G>A,PIK3CA c.263G>A…,Yes,321
PIK3CA_ENST00000643187,c.263G>A,PIK3CA_ENST00000643187 c.263G>A…,No,321
PIK3CA,c.1634A>C,PIK3CA c.1634A>C…,Yes,291
PIK3CA_ENST00000643187,c.1634A>C,PIK3CA_ENST00000643187 c.1634A>C…,No,291
PIK3CA,c.1636C>A,PIK3CA c.1636C>A…,Yes,287
PIK3CA_ENST00000643187,c.1636C>A,PIK3CA_ENST00000643187 c.1636C>A…,No,287
PIK3CA,c.1035T>A,PIK3CA c.1035T>A…,Yes,275
PIK3CA_ENST00000643187,c.1035T>A,PIK3CA_ENST00000643187 c.1035T>A…,No,275
PIK3CA,c.1258T>C,PIK3CA c.1258T>C…,Yes,240
PIK3CA_ENST00000643187,c.1258T>C,PIK3CA_ENST00000643187 c.1258T>C…,No,240
PIK3CA,c.1634A>G,PIK3CA c.1634A>G…,Yes,211
PIK3CA_ENST00000643187,c.1634A>G,PIK3CA_ENST00000643187 c.1634A>G…,No,211
PIK3CA,c.?,PIK3CA c.?…,Yes,171
PIK3CA,c.2176G>A,PIK3CA c.2176G>A…,Yes,150
PIK3CA_ENST00000643187,c.2176G>A,PIK3CA_ENST00000643187 c.2176G>A…,No,150
PIK3CA,c.1637A>G,PIK3CA c.1637A>G…,Yes,134
PIK3CA_ENST00000643187,c.1637A>G,PIK3CA_ENST00000643187 c.1637A>G…,No,134
PIK3CA,c.?,PIK3CA c.?…,Yes,123
PIK3CA,c.3139C>T,PIK3CA c.3139C>T…,Yes,121
PIK3CA_ENST00000643187,c.*219C>T,PIK3CA_ENST00000643187 c.*219C>T…,No,121
PIK3CA,c.353G>A,PIK3CA c.353G>A…,Yes,116
PIK3CA_ENST00000643187,c.353G>A,PIK3CA_ENST00000643187 c.353G>A…,No,116
PIK3CA,c.241G>A,PIK3CA c.241G>A…,Yes,108
PIK3CA_ENST00000643187,c.241G>A,PIK3CA_ENST00000643187 c.241G>A…,No,108
PIK3CA,c.1173A>G,PIK3CA c.1173A>G…,Yes,104
PIK3CA_ENST00000643187,c.1173A>G,PIK3CA_ENST00000643187 c.1173A>G…,No,104